<?xml version="1.0" encoding="UTF-8"?>
<beans xmlns="http://www.springframework.org/schema/beans"
	xmlns:xsi="http://www.w3.org/2001/XMLSchema-instance"
	xmlns:context="http://www.springframework.org/schema/context"
	xmlns:tx="http://www.springframework.org/schema/tx"
	xmlns:mvc="http://www.springframework.org/schema/mvc"
	xsi:schemaLocation="
		http://www.springframework.org/schema/beans
		http://www.springframework.org/schema/beans/spring-beans.xsd
		http://www.springframework.org/schema/context
		http://www.springframework.org/schema/context/spring-context.xsd
		http://www.springframework.org/schema/mvc
		http://www.springframework.org/schema/mvc/spring-mvc.xsd
		http://www.springframework.org/schema/tx 
		http://www.springframework.org/schema/tx/spring-tx.xsd">



	<bean id="myDataSource"
		class="org.springframework.jdbc.datasource.DriverManagerDataSource">
		<property name="driverClassName"
			value="net.sourceforge.jtds.jdbc.Driver" />
		<property name="url"
			value="jdbc:jtds:sqlserver://localhost:1433/DBCustomer;instance=SQLEXPRESS" />
		<property name="username" value="sa" />
		<property name="password" value="sapassword" />
	</bean>

	<bean id="sessionFactory"
		class="org.springframework.orm.hibernate4.LocalSessionFactoryBean">
		<property name="dataSource" ref="myDataSource" />
		<property name="packagesToScan" value="entity" />
		<property name="hibernateProperties">
			<props>
				<prop key="hibernate.dialect">org.hibernate.dialect.SQLServer2012Dialect</prop>
				<prop key="hibernate.show_sql">true</prop>
			</props>
		</property>
	</bean>


	<bean id="myTransactionManager"
		class="org.springframework.orm.hibernate4.HibernateTransactionManager">
		<property name="sessionFactory" ref="sessionFactory" />
	</bean>


	<tx:annotation-driven proxy-target-class="true"
		transaction-manager="myTransactionManager" />
	<!-- Add support for reading web resources: css, images, js, etc ... -->
	<!-- <mvc:resources location="/resources/" mapping="/resources/**" ></mvc:resources> -->


</beans>